,Unnamed: 0,Store,DayOfWeek,Sales,Open,Promo,SchoolHoliday,CompetitionDistance,0 holiday,a holiday,b holiday,c holiday,Year,Month,Day,WeekOfYear,CompetitionOpenTime,Promo2Open,IsPromo2Month,a ass,b ass,c ass,type a,type c,type d
1,1,2,5,6064,1,1,1,570.0,0,0,0,0,2015,7,31,31,92.0,64.2,1,1,0,0,1,0,0
1116,1116,2,4,5567,1,1,1,570.0,0,0,0,0,2015,7,30,31,92.0,64.2,1,1,0,0,1,0,0
2231,2231,2,3,6402,1,1,1,570.0,0,0,0,0,2015,7,29,31,92.0,64.2,1,1,0,0,1,0,0
3346,3346,2,2,5671,1,1,1,570.0,0,0,0,0,2015,7,28,31,92.0,64.2,1,1,0,0,1,0,0
4461,4461,2,1,6627,1,1,1,570.0,0,0,0,0,2015,7,27,31,92.0,64.2,1,1,0,0,1,0,0
5576,5576,2,7,0,0,0,0,570.0,0,0,0,0,2015,7,26,30,92.0,63.96666666666667,1,1,0,0,1,0,0
6691,6691,2,6,2512,1,0,0,570.0,0,0,0,0,2015,7,25,30,92.0,63.96666666666667,1,1,0,0,1,0,0
7806,7806,2,5,3854,1,0,1,570.0,0,0,0,0,2015,7,24,30,92.0,63.96666666666667,1,1,0,0,1,0,0
8921,8921,2,4,4108,1,0,1,570.0,0,0,0,0,2015,7,23,30,92.0,63.96666666666667,1,1,0,0,1,0,0
10036,10036,2,3,5093,1,0,1,570.0,0,0,0,0,2015,7,22,30,92.0,63.96666666666667,1,1,0,0,1,0,0
11151,11151,2,2,3836,1,0,1,570.0,0,0,0,0,2015,7,21,30,92.0,63.96666666666667,1,1,0,0,1,0,0
12266,12266,2,1,4435,1,0,1,570.0,0,0,0,0,2015,7,20,30,92.0,63.96666666666667,1,1,0,0,1,0,0
13381,13381,2,7,0,0,0,0,570.0,0,0,0,0,2015,7,19,29,92.0,63.73333333333333,1,1,0,0,1,0,0
14496,14496,2,6,3417,1,0,0,570.0,0,0,0,0,2015,7,18,29,92.0,63.73333333333333,1,1,0,0,1,0,0
15611,15611,2,5,4518,1,1,1,570.0,0,0,0,0,2015,7,17,29,92.0,63.73333333333333,1,1,0,0,1,0,0
16726,16726,2,4,5062,1,1,1,570.0,0,0,0,0,2015,7,16,29,92.0,63.73333333333333,1,1,0,0,1,0,0
17841,17841,2,3,6406,1,1,1,570.0,0,0,0,0,2015,7,15,29,92.0,63.73333333333333,1,1,0,0,1,0,0
18956,18956,2,2,6122,1,1,1,570.0,0,0,0,0,2015,7,14,29,92.0,63.73333333333333,1,1,0,0,1,0,0
20071,20071,2,1,6874,1,1,1,570.0,0,0,0,0,2015,7,13,29,92.0,63.73333333333333,1,1,0,0,1,0,0
21186,21186,2,7,0,0,0,0,570.0,0,0,0,0,2015,7,12,28,92.0,63.5,1,1,0,0,1,0,0
22301,22301,2,6,2677,1,0,0,570.0,0,0,0,0,2015,7,11,28,92.0,63.5,1,1,0,0,1,0,0
23416,23416,2,5,4384,1,0,0,570.0,0,0,0,0,2015,7,10,28,92.0,63.5,1,1,0,0,1,0,0
24531,24531,2,4,4082,1,0,0,570.0,0,0,0,0,2015,7,9,28,92.0,63.5,1,1,0,0,1,0,0
25646,25646,2,3,5676,1,0,0,570.0,0,0,0,0,2015,7,8,28,92.0,63.5,1,1,0,0,1,0,0
26761,26761,2,2,4313,1,0,0,570.0,0,0,0,0,2015,7,7,28,92.0,63.5,1,1,0,0,1,0,0
27876,27876,2,1,4132,1,0,0,570.0,0,0,0,0,2015,7,6,28,92.0,63.5,1,1,0,0,1,0,0
28991,28991,2,7,0,0,0,0,570.0,0,0,0,0,2015,7,5,27,92.0,63.266666666666666,1,1,0,0,1,0,0
30106,30106,2,6,4475,1,0,0,570.0,0,0,0,0,2015,7,4,27,92.0,63.266666666666666,1,1,0,0,1,0,0
31221,31221,2,5,4838,1,1,0,570.0,0,0,0,0,2015,7,3,27,92.0,63.266666666666666,1,1,0,0,1,0,0
32336,32336,2,4,6189,1,1,0,570.0,0,0,0,0,2015,7,2,27,92.0,63.266666666666666,1,1,0,0,1,0,0
33451,33451,2,3,6431,1,1,0,570.0,1,0,0,0,2015,7,1,27,92.0,63.266666666666666,1,1,0,0,1,0,0
34566,34566,2,2,9863,1,1,0,570.0,1,0,0,0,2015,6,30,27,91.0,63.266666666666666,0,1,0,0,1,0,0
35681,35681,2,1,7961,1,1,0,570.0,1,0,0,0,2015,6,29,27,91.0,63.266666666666666,0,1,0,0,1,0,0
36796,36796,2,7,0,0,0,0,570.0,1,0,0,0,2015,6,28,26,91.0,63.03333333333333,0,1,0,0,1,0,0
37911,37911,2,6,2404,1,0,0,570.0,1,0,0,0,2015,6,27,26,91.0,63.03333333333333,0,1,0,0,1,0,0
39026,39026,2,5,3953,1,0,0,570.0,1,0,0,0,2015,6,26,26,91.0,63.03333333333333,0,1,0,0,1,0,0
40141,40141,2,4,4022,1,0,0,570.0,1,0,0,0,2015,6,25,26,91.0,63.03333333333333,0,1,0,0,1,0,0
41256,41256,2,3,4805,1,0,0,570.0,1,0,0,0,2015,6,24,26,91.0,63.03333333333333,0,1,0,0,1,0,0
42371,42371,2,2,4094,1,0,0,570.0,1,0,0,0,2015,6,23,26,91.0,63.03333333333333,0,1,0,0,1,0,0
43486,43486,2,1,4123,1,0,0,570.0,1,0,0,0,2015,6,22,26,91.0,63.03333333333333,0,1,0,0,1,0,0
44601,44601,2,7,0,0,0,0,570.0,1,0,0,0,2015,6,21,25,91.0,62.8,0,1,0,0,1,0,0
45716,45716,2,6,3020,1,0,0,570.0,1,0,0,0,2015,6,20,25,91.0,62.8,0,1,0,0,1,0,0
46831,46831,2,5,4926,1,1,0,570.0,1,0,0,0,2015,6,19,25,91.0,62.8,0,1,0,0,1,0,0
47946,47946,2,4,5154,1,1,0,570.0,1,0,0,0,2015,6,18,25,91.0,62.8,0,1,0,0,1,0,0
49061,49061,2,3,6924,1,1,0,570.0,1,0,0,0,2015,6,17,25,91.0,62.8,0,1,0,0,1,0,0
50176,50176,2,2,6243,1,1,0,570.0,1,0,0,0,2015,6,16,25,91.0,62.8,0,1,0,0,1,0,0
51291,51291,2,1,8106,1,1,0,570.0,1,0,0,0,2015,6,15,25,91.0,62.8,0,1,0,0,1,0,0
52406,52406,2,7,0,0,0,0,570.0,1,0,0,0,2015,6,14,24,91.0,62.56666666666667,0,1,0,0,1,0,0
53521,53521,2,6,2574,1,0,0,570.0,1,0,0,0,2015,6,13,24,91.0,62.56666666666667,0,1,0,0,1,0,0
54636,54636,2,5,3539,1,0,0,570.0,1,0,0,0,2015,6,12,24,91.0,62.56666666666667,0,1,0,0,1,0,0
55751,55751,2,4,4240,1,0,0,570.0,1,0,0,0,2015,6,11,24,91.0,62.56666666666667,0,1,0,0,1,0,0
56866,56866,2,3,5035,1,0,0,570.0,1,0,0,0,2015,6,10,24,91.0,62.56666666666667,0,1,0,0,1,0,0
57981,57981,2,2,4097,1,0,0,570.0,1,0,0,0,2015,6,9,24,91.0,62.56666666666667,0,1,0,0,1,0,0
59096,59096,2,1,3918,1,0,0,570.0,1,0,0,0,2015,6,8,24,91.0,62.56666666666667,0,1,0,0,1,0,0
60211,60211,2,7,0,0,0,0,570.0,1,0,0,0,2015,6,7,23,91.0,62.333333333333336,0,1,0,0,1,0,0
61326,61326,2,6,2641,1,0,0,570.0,1,0,0,0,2015,6,6,23,91.0,62.333333333333336,0,1,0,0,1,0,0
62441,62441,2,5,4938,1,1,0,570.0,1,0,0,0,2015,6,5,23,91.0,62.333333333333336,0,1,0,0,1,0,0
63556,63556,2,4,5810,1,1,0,570.0,1,0,0,0,2015,6,4,23,91.0,62.333333333333336,0,1,0,0,1,0,0
64671,64671,2,3,6682,1,1,0,570.0,1,0,0,0,2015,6,3,23,91.0,62.333333333333336,0,1,0,0,1,0,0
65786,65786,2,2,7099,1,1,0,570.0,1,0,0,0,2015,6,2,23,91.0,62.333333333333336,0,1,0,0,1,0,0
66901,66901,2,1,6629,1,1,0,570.0,1,0,0,0,2015,6,1,23,91.0,62.333333333333336,0,1,0,0,1,0,0
68016,68016,2,7,0,0,0,0,570.0,1,0,0,0,2015,5,31,22,90.0,62.1,0,1,0,0,1,0,0
69131,69131,2,6,3447,1,0,0,570.0,1,0,0,0,2015,5,30,22,90.0,62.1,0,1,0,0,1,0,0
70246,70246,2,5,4541,1,0,0,570.0,1,0,0,0,2015,5,29,22,90.0,62.1,0,1,0,0,1,0,0
71361,71361,2,4,4049,1,0,0,570.0,1,0,0,0,2015,5,28,22,90.0,62.1,0,1,0,0,1,0,0
72476,72476,2,3,5093,1,0,0,570.0,1,0,0,0,2015,5,27,22,90.0,62.1,0,1,0,0,1,0,0
73591,73591,2,2,4708,1,0,0,570.0,1,0,0,0,2015,5,26,22,90.0,62.1,0,1,0,0,1,0,0
74706,74706,2,1,0,0,0,0,570.0,0,1,0,0,2015,5,25,22,90.0,62.1,0,1,0,0,1,0,0
75821,75821,2,7,0,0,0,0,570.0,1,0,0,0,2015,5,24,21,90.0,61.86666666666667,0,1,0,0,1,0,0
76936,76936,2,6,2732,1,0,0,570.0,1,0,0,0,2015,5,23,21,90.0,61.86666666666667,0,1,0,0,1,0,0
78051,78051,2,5,4564,1,1,0,570.0,1,0,0,0,2015,5,22,21,90.0,61.86666666666667,0,1,0,0,1,0,0
79166,79166,2,4,5431,1,1,0,570.0,1,0,0,0,2015,5,21,21,90.0,61.86666666666667,0,1,0,0,1,0,0
80281,80281,2,3,6696,1,1,0,570.0,1,0,0,0,2015,5,20,21,90.0,61.86666666666667,0,1,0,0,1,0,0
81396,81396,2,2,6388,1,1,0,570.0,1,0,0,0,2015,5,19,21,90.0,61.86666666666667,0,1,0,0,1,0,0
82511,82511,2,1,8078,1,1,0,570.0,1,0,0,0,2015,5,18,21,90.0,61.86666666666667,0,1,0,0,1,0,0
83626,83626,2,7,0,0,0,0,570.0,1,0,0,0,2015,5,17,20,90.0,61.63333333333333,0,1,0,0,1,0,0
84741,84741,2,6,2831,1,0,0,570.0,1,0,0,0,2015,5,16,20,90.0,61.63333333333333,0,1,0,0,1,0,0
85856,85856,2,5,5293,1,0,1,570.0,1,0,0,0,2015,5,15,20,90.0,61.63333333333333,0,1,0,0,1,0,0
86971,86971,2,4,0,0,0,0,570.0,0,1,0,0,2015,5,14,20,90.0,61.63333333333333,0,1,0,0,1,0,0
88086,88086,2,3,5662,1,0,0,570.0,1,0,0,0,2015,5,13,20,90.0,61.63333333333333,0,1,0,0,1,0,0
89201,89201,2,2,4319,1,0,0,570.0,1,0,0,0,2015,5,12,20,90.0,61.63333333333333,0,1,0,0,1,0,0
90316,90316,2,1,4521,1,0,0,570.0,1,0,0,0,2015,5,11,20,90.0,61.63333333333333,0,1,0,0,1,0,0
91431,91431,2,7,0,0,0,0,570.0,1,0,0,0,2015,5,10,19,90.0,61.4,0,1,0,0,1,0,0
92546,92546,2,6,2722,1,0,0,570.0,1,0,0,0,2015,5,9,19,90.0,61.4,0,1,0,0,1,0,0
93661,93661,2,5,5734,1,1,0,570.0,1,0,0,0,2015,5,8,19,90.0,61.4,0,1,0,0,1,0,0
94776,94776,2,4,5382,1,1,0,570.0,1,0,0,0,2015,5,7,19,90.0,61.4,0,1,0,0,1,0,0
95891,95891,2,3,6558,1,1,0,570.0,1,0,0,0,2015,5,6,19,90.0,61.4,0,1,0,0,1,0,0
97006,97006,2,2,6295,1,1,0,570.0,1,0,0,0,2015,5,5,19,90.0,61.4,0,1,0,0,1,0,0
98121,98121,2,1,6901,1,1,0,570.0,1,0,0,0,2015,5,4,19,90.0,61.4,0,1,0,0,1,0,0
99236,99236,2,7,0,0,0,0,570.0,1,0,0,0,2015,5,3,18,90.0,61.16666666666666,0,1,0,0,1,0,0
100351,100351,2,6,3590,1,0,0,570.0,1,0,0,0,2015,5,2,18,90.0,61.16666666666666,0,1,0,0,1,0,0
101466,101466,2,5,0,0,1,0,570.0,0,1,0,0,2015,5,1,18,90.0,61.16666666666666,0,1,0,0,1,0,0
102581,102581,2,4,6884,1,1,0,570.0,1,0,0,0,2015,4,30,18,89.0,61.16666666666666,1,1,0,0,1,0,0
103696,103696,2,3,6764,1,1,0,570.0,1,0,0,0,2015,4,29,18,89.0,61.16666666666666,1,1,0,0,1,0,0
104811,104811,2,2,6861,1,1,0,570.0,1,0,0,0,2015,4,28,18,89.0,61.16666666666666,1,1,0,0,1,0,0
105926,105926,2,1,6523,1,1,0,570.0,1,0,0,0,2015,4,27,18,89.0,61.16666666666666,1,1,0,0,1,0,0
107041,107041,2,7,0,0,0,0,570.0,1,0,0,0,2015,4,26,17,89.0,60.93333333333333,1,1,0,0,1,0,0
108156,108156,2,6,2916,1,0,0,570.0,1,0,0,0,2015,4,25,17,89.0,60.93333333333333,1,1,0,0,1,0,0
109271,109271,2,5,3678,1,0,0,570.0,1,0,0,0,2015,4,24,17,89.0,60.93333333333333,1,1,0,0,1,0,0
110386,110386,2,4,3588,1,0,0,570.0,1,0,0,0,2015,4,23,17,89.0,60.93333333333333,1,1,0,0,1,0,0
111501,111501,2,3,5032,1,0,0,570.0,1,0,0,0,2015,4,22,17,89.0,60.93333333333333,1,1,0,0,1,0,0
112616,112616,2,2,3291,1,0,0,570.0,1,0,0,0,2015,4,21,17,89.0,60.93333333333333,1,1,0,0,1,0,0
113731,113731,2,1,4184,1,0,0,570.0,1,0,0,0,2015,4,20,17,89.0,60.93333333333333,1,1,0,0,1,0,0
114846,114846,2,7,0,0,0,0,570.0,1,0,0,0,2015,4,19,16,89.0,60.7,1,1,0,0,1,0,0
115961,115961,2,6,3066,1,0,0,570.0,1,0,0,0,2015,4,18,16,89.0,60.7,1,1,0,0,1,0,0
117076,117076,2,5,4948,1,1,0,570.0,1,0,0,0,2015,4,17,16,89.0,60.7,1,1,0,0,1,0,0
118191,118191,2,4,5371,1,1,0,570.0,1,0,0,0,2015,4,16,16,89.0,60.7,1,1,0,0,1,0,0
119306,119306,2,3,7132,1,1,0,570.0,1,0,0,0,2015,4,15,16,89.0,60.7,1,1,0,0,1,0,0
120421,120421,2,2,6569,1,1,0,570.0,1,0,0,0,2015,4,14,16,89.0,60.7,1,1,0,0,1,0,0
121536,121536,2,1,6947,1,1,0,570.0,1,0,0,0,2015,4,13,16,89.0,60.7,1,1,0,0,1,0,0
122651,122651,2,7,0,0,0,0,570.0,1,0,0,0,2015,4,12,15,89.0,60.46666666666667,1,1,0,0,1,0,0
123766,123766,2,6,2662,1,0,0,570.0,1,0,0,0,2015,4,11,15,89.0,60.46666666666667,1,1,0,0,1,0,0
124881,124881,2,5,3824,1,0,1,570.0,1,0,0,0,2015,4,10,15,89.0,60.46666666666667,1,1,0,0,1,0,0
125996,125996,2,4,3793,1,0,1,570.0,1,0,0,0,2015,4,9,15,89.0,60.46666666666667,1,1,0,0,1,0,0
127111,127111,2,3,5304,1,0,1,570.0,1,0,0,0,2015,4,8,15,89.0,60.46666666666667,1,1,0,0,1,0,0
128226,128226,2,2,4588,1,0,1,570.0,1,0,0,0,2015,4,7,15,89.0,60.46666666666667,1,1,0,0,1,0,0
129341,129341,2,1,0,0,0,1,570.0,0,0,1,0,2015,4,6,15,89.0,60.46666666666667,1,1,0,0,1,0,0
130456,130456,2,7,0,0,0,0,570.0,1,0,0,0,2015,4,5,14,89.0,60.23333333333333,1,1,0,0,1,0,0
131571,131571,2,6,4446,1,0,0,570.0,1,0,0,0,2015,4,4,14,89.0,60.23333333333333,1,1,0,0,1,0,0
132686,132686,2,5,0,0,1,1,570.0,0,0,1,0,2015,4,3,14,89.0,60.23333333333333,1,1,0,0,1,0,0
133801,133801,2,4,6168,1,1,1,570.0,1,0,0,0,2015,4,2,14,89.0,60.23333333333333,1,1,0,0,1,0,0
134916,134916,2,3,6473,1,1,1,570.0,1,0,0,0,2015,4,1,14,89.0,60.23333333333333,1,1,0,0,1,0,0
136031,136031,2,2,10107,1,1,1,570.0,1,0,0,0,2015,3,31,14,88.0,60.23333333333333,0,1,0,0,1,0,0
137146,137146,2,1,8733,1,1,1,570.0,1,0,0,0,2015,3,30,14,88.0,60.23333333333333,0,1,0,0,1,0,0
138261,138261,2,7,0,0,0,0,570.0,1,0,0,0,2015,3,29,13,88.0,60.0,0,1,0,0,1,0,0
139376,139376,2,6,3011,1,0,0,570.0,1,0,0,0,2015,3,28,13,88.0,60.0,0,1,0,0,1,0,0
140491,140491,2,5,3800,1,0,0,570.0,1,0,0,0,2015,3,27,13,88.0,60.0,0,1,0,0,1,0,0
141606,141606,2,4,3912,1,0,0,570.0,1,0,0,0,2015,3,26,13,88.0,60.0,0,1,0,0,1,0,0
142721,142721,2,3,5150,1,0,0,570.0,1,0,0,0,2015,3,25,13,88.0,60.0,0,1,0,0,1,0,0
143836,143836,2,2,4436,1,0,0,570.0,1,0,0,0,2015,3,24,13,88.0,60.0,0,1,0,0,1,0,0
144951,144951,2,1,4183,1,0,0,570.0,1,0,0,0,2015,3,23,13,88.0,60.0,0,1,0,0,1,0,0
146066,146066,2,7,0,0,0,0,570.0,1,0,0,0,2015,3,22,12,88.0,59.766666666666666,0,1,0,0,1,0,0
147181,147181,2,6,2922,1,0,0,570.0,1,0,0,0,2015,3,21,12,88.0,59.766666666666666,0,1,0,0,1,0,0
148296,148296,2,5,4759,1,1,0,570.0,1,0,0,0,2015,3,20,12,88.0,59.766666666666666,0,1,0,0,1,0,0
149411,149411,2,4,5737,1,1,0,570.0,1,0,0,0,2015,3,19,12,88.0,59.766666666666666,0,1,0,0,1,0,0
150526,150526,2,3,7034,1,1,0,570.0,1,0,0,0,2015,3,18,12,88.0,59.766666666666666,0,1,0,0,1,0,0
151641,151641,2,2,6457,1,1,0,570.0,1,0,0,0,2015,3,17,12,88.0,59.766666666666666,0,1,0,0,1,0,0
152756,152756,2,1,7209,1,1,0,570.0,1,0,0,0,2015,3,16,12,88.0,59.766666666666666,0,1,0,0,1,0,0
153871,153871,2,7,0,0,0,0,570.0,1,0,0,0,2015,3,15,11,88.0,59.53333333333333,0,1,0,0,1,0,0
154986,154986,2,6,2803,1,0,0,570.0,1,0,0,0,2015,3,14,11,88.0,59.53333333333333,0,1,0,0,1,0,0
156101,156101,2,5,3430,1,0,0,570.0,1,0,0,0,2015,3,13,11,88.0,59.53333333333333,0,1,0,0,1,0,0
157216,157216,2,4,4065,1,0,0,570.0,1,0,0,0,2015,3,12,11,88.0,59.53333333333333,0,1,0,0,1,0,0
158331,158331,2,3,4949,1,0,0,570.0,1,0,0,0,2015,3,11,11,88.0,59.53333333333333,0,1,0,0,1,0,0
159446,159446,2,2,4095,1,0,0,570.0,1,0,0,0,2015,3,10,11,88.0,59.53333333333333,0,1,0,0,1,0,0
160561,160561,2,1,3967,1,0,0,570.0,1,0,0,0,2015,3,9,11,88.0,59.53333333333333,0,1,0,0,1,0,0
161676,161676,2,7,0,0,0,0,570.0,1,0,0,0,2015,3,8,10,88.0,59.3,0,1,0,0,1,0,0
162791,162791,2,6,3211,1,0,0,570.0,1,0,0,0,2015,3,7,10,88.0,59.3,0,1,0,0,1,0,0
163906,163906,2,5,4823,1,1,0,570.0,0,0,0,0,2015,3,6,10,88.0,59.3,0,1,0,0,1,0,0
165021,165021,2,4,5532,1,1,0,570.0,0,0,0,0,2015,3,5,10,88.0,59.3,0,1,0,0,1,0,0
166136,166136,2,3,6478,1,1,0,570.0,0,0,0,0,2015,3,4,10,88.0,59.3,0,1,0,0,1,0,0
167251,167251,2,2,6610,1,1,0,570.0,0,0,0,0,2015,3,3,10,88.0,59.3,0,1,0,0,1,0,0
168366,168366,2,1,7161,1,1,0,570.0,0,0,0,0,2015,3,2,10,88.0,59.3,0,1,0,0,1,0,0
169481,169481,2,7,0,0,0,0,570.0,0,0,0,0,2015,3,1,9,88.0,59.06666666666667,0,1,0,0,1,0,0
170596,170596,2,6,3032,1,0,0,570.0,0,0,0,0,2015,2,28,9,87.0,59.06666666666667,0,1,0,0,1,0,0
171711,171711,2,5,4022,1,0,0,570.0,0,0,0,0,2015,2,27,9,87.0,59.06666666666667,0,1,0,0,1,0,0
172826,172826,2,4,4035,1,0,0,570.0,0,0,0,0,2015,2,26,9,87.0,59.06666666666667,0,1,0,0,1,0,0
173941,173941,2,3,4666,1,0,0,570.0,0,0,0,0,2015,2,25,9,87.0,59.06666666666667,0,1,0,0,1,0,0
175056,175056,2,2,3755,1,0,0,570.0,0,0,0,0,2015,2,24,9,87.0,59.06666666666667,0,1,0,0,1,0,0
176171,176171,2,1,3633,1,0,0,570.0,0,0,0,0,2015,2,23,9,87.0,59.06666666666667,0,1,0,0,1,0,0
177286,177286,2,7,0,0,0,0,570.0,0,0,0,0,2015,2,22,8,87.0,58.833333333333336,0,1,0,0,1,0,0
178401,178401,2,6,3005,1,0,0,570.0,0,0,0,0,2015,2,21,8,87.0,58.833333333333336,0,1,0,0,1,0,0
179516,179516,2,5,4727,1,1,0,570.0,0,0,0,0,2015,2,20,8,87.0,58.833333333333336,0,1,0,0,1,0,0
180631,180631,2,4,5842,1,1,0,570.0,0,0,0,0,2015,2,19,8,87.0,58.833333333333336,0,1,0,0,1,0,0
181746,181746,2,3,6178,1,1,0,570.0,0,0,0,0,2015,2,18,8,87.0,58.833333333333336,0,1,0,0,1,0,0
182861,182861,2,2,6113,1,1,0,570.0,0,0,0,0,2015,2,17,8,87.0,58.833333333333336,0,1,0,0,1,0,0
183976,183976,2,1,7478,1,1,0,570.0,0,0,0,0,2015,2,16,8,87.0,58.833333333333336,0,1,0,0,1,0,0
185091,185091,2,7,0,0,0,0,570.0,0,0,0,0,2015,2,15,7,87.0,58.6,0,1,0,0,1,0,0
186206,186206,2,6,2809,1,0,0,570.0,0,0,0,0,2015,2,14,7,87.0,58.6,0,1,0,0,1,0,0
187321,187321,2,5,3647,1,0,0,570.0,0,0,0,0,2015,2,13,7,87.0,58.6,0,1,0,0,1,0,0
188436,188436,2,4,3765,1,0,0,570.0,0,0,0,0,2015,2,12,7,87.0,58.6,0,1,0,0,1,0,0
189551,189551,2,3,4773,1,0,0,570.0,0,0,0,0,2015,2,11,7,87.0,58.6,0,1,0,0,1,0,0
190666,190666,2,2,4653,1,0,0,570.0,0,0,0,0,2015,2,10,7,87.0,58.6,0,1,0,0,1,0,0
191781,191781,2,1,3678,1,0,0,570.0,0,0,0,0,2015,2,9,7,87.0,58.6,0,1,0,0,1,0,0
192896,192896,2,7,0,0,0,0,570.0,0,0,0,0,2015,2,8,6,87.0,58.36666666666667,0,1,0,0,1,0,0
194011,194011,2,6,2335,1,0,0,570.0,0,0,0,0,2015,2,7,6,87.0,58.36666666666667,0,1,0,0,1,0,0
195126,195126,2,5,5260,1,1,1,570.0,0,0,0,0,2015,2,6,6,87.0,58.36666666666667,0,1,0,0,1,0,0
196241,196241,2,4,5275,1,1,1,570.0,0,0,0,0,2015,2,5,6,87.0,58.36666666666667,0,1,0,0,1,0,0
197356,197356,2,3,6405,1,1,1,570.0,0,0,0,0,2015,2,4,6,87.0,58.36666666666667,0,1,0,0,1,0,0
198471,198471,2,2,6837,1,1,1,570.0,0,0,0,0,2015,2,3,6,87.0,58.36666666666667,0,1,0,0,1,0,0
199586,199586,2,1,8155,1,1,1,570.0,0,0,0,0,2015,2,2,6,87.0,58.36666666666667,0,1,0,0,1,0,0
200701,200701,2,7,0,0,0,0,570.0,0,0,0,0,2015,2,1,5,87.0,58.13333333333333,0,1,0,0,1,0,0
201816,201816,2,6,3067,1,0,0,570.0,0,0,0,0,2015,1,31,5,86.0,58.13333333333333,1,1,0,0,1,0,0
202931,202931,2,5,5919,1,1,0,570.0,0,0,0,0,2015,1,30,5,86.0,58.13333333333333,1,1,0,0,1,0,0
204046,204046,2,4,4775,1,1,0,570.0,0,0,0,0,2015,1,29,5,86.0,58.13333333333333,1,1,0,0,1,0,0
205161,205161,2,3,6032,1,1,0,570.0,0,0,0,0,2015,1,28,5,86.0,58.13333333333333,1,1,0,0,1,0,0
206276,206276,2,2,5258,1,1,0,570.0,0,0,0,0,2015,1,27,5,86.0,58.13333333333333,1,1,0,0,1,0,0
207391,207391,2,1,5931,1,1,0,570.0,0,0,0,0,2015,1,26,5,86.0,58.13333333333333,1,1,0,0,1,0,0
208506,208506,2,7,0,0,0,0,570.0,0,0,0,0,2015,1,25,4,86.0,57.9,1,1,0,0,1,0,0
209621,209621,2,6,2575,1,0,0,570.0,0,0,0,0,2015,1,24,4,86.0,57.9,1,1,0,0,1,0,0
210736,210736,2,5,3206,1,0,0,570.0,0,0,0,0,2015,1,23,4,86.0,57.9,1,1,0,0,1,0,0
211851,211851,2,4,3728,1,0,0,570.0,0,0,0,0,2015,1,22,4,86.0,57.9,1,1,0,0,1,0,0
212966,212966,2,3,4524,1,0,0,570.0,0,0,0,0,2015,1,21,4,86.0,57.9,1,1,0,0,1,0,0
214081,214081,2,2,3955,1,0,0,570.0,0,0,0,0,2015,1,20,4,86.0,57.9,1,1,0,0,1,0,0
215196,215196,2,1,4082,1,0,0,570.0,0,0,0,0,2015,1,19,4,86.0,57.9,1,1,0,0,1,0,0
216311,216311,2,7,0,0,0,0,570.0,0,0,0,0,2015,1,18,3,86.0,57.66666666666666,1,1,0,0,1,0,0
217426,217426,2,6,2883,1,0,0,570.0,0,0,0,0,2015,1,17,3,86.0,57.66666666666666,1,1,0,0,1,0,0
218541,218541,2,5,5456,1,1,0,570.0,0,0,0,0,2015,1,16,3,86.0,57.66666666666666,1,1,0,0,1,0,0
219656,219656,2,4,5810,1,1,0,570.0,0,0,0,0,2015,1,15,3,86.0,57.66666666666666,1,1,0,0,1,0,0
220771,220771,2,3,6366,1,1,0,570.0,0,0,0,0,2015,1,14,3,86.0,57.66666666666666,1,1,0,0,1,0,0
221886,221886,2,2,6444,1,1,0,570.0,0,0,0,0,2015,1,13,3,86.0,57.66666666666666,1,1,0,0,1,0,0
223001,223001,2,1,7237,1,1,0,570.0,0,0,0,0,2015,1,12,3,86.0,57.66666666666666,1,1,0,0,1,0,0
224116,224116,2,7,0,0,0,0,570.0,0,0,0,0,2015,1,11,2,86.0,57.43333333333333,1,1,0,0,1,0,0
225231,225231,2,6,3024,1,0,0,570.0,0,0,0,0,2015,1,10,2,86.0,57.43333333333333,1,1,0,0,1,0,0
226346,226346,2,5,4762,1,1,0,570.0,0,0,0,0,2015,1,9,2,86.0,57.43333333333333,1,1,0,0,1,0,0
227461,227461,2,4,5246,1,1,0,570.0,0,0,0,0,2015,1,8,2,86.0,57.43333333333333,1,1,0,0,1,0,0
228576,228576,2,3,5945,1,1,0,570.0,0,0,0,0,2015,1,7,2,86.0,57.43333333333333,1,1,0,0,1,0,0
229691,229691,2,2,6696,1,1,0,570.0,1,0,0,0,2015,1,6,2,86.0,57.43333333333333,1,1,0,0,1,0,0
230806,230806,2,1,7308,1,1,0,570.0,1,0,0,0,2015,1,5,2,86.0,57.43333333333333,1,1,0,0,1,0,0
231921,231921,2,7,0,0,0,0,570.0,1,0,0,0,2015,1,4,1,86.0,57.2,1,1,0,0,1,0,0
233036,233036,2,6,3132,1,0,0,570.0,1,0,0,0,2015,1,3,1,86.0,57.2,1,1,0,0,1,0,0
234151,234151,2,5,4137,1,0,1,570.0,1,0,0,0,2015,1,2,1,86.0,57.2,1,1,0,0,1,0,0
235266,235266,2,4,0,0,0,1,570.0,1,0,0,0,2015,1,1,1,86.0,57.2,1,1,0,0,1,0,0
236381,236381,2,3,2269,1,0,1,570.0,1,0,0,0,2014,12,31,1,85.0,45.2,0,1,0,0,1,0,0
237316,237316,2,2,5513,1,0,1,570.0,1,0,0,0,2014,12,30,1,85.0,45.2,0,1,0,0,1,0,0
238251,238251,2,1,5999,1,0,1,570.0,1,0,0,0,2014,12,29,1,85.0,45.2,0,1,0,0,1,0,0
239186,239186,2,7,0,0,0,0,570.0,1,0,0,0,2014,12,28,52,85.0,57.1,0,1,0,0,1,0,0
240121,240121,2,6,3934,1,0,0,570.0,1,0,0,0,2014,12,27,52,85.0,57.1,0,1,0,0,1,0,0
241056,241056,2,5,0,0,0,1,570.0,0,0,0,1,2014,12,26,52,85.0,57.1,0,1,0,0,1,0,0
241991,241991,2,4,0,0,0,1,570.0,0,0,0,1,2014,12,25,52,85.0,57.1,0,1,0,0,1,0,0
242926,242926,2,3,2437,1,0,1,570.0,1,0,0,0,2014,12,24,52,85.0,57.1,0,1,0,0,1,0,0
243861,243861,2,2,7557,1,0,1,570.0,1,0,0,0,2014,12,23,52,85.0,57.1,0,1,0,0,1,0,0
244796,244796,2,1,9027,1,0,1,570.0,1,0,0,0,2014,12,22,52,85.0,57.1,0,1,0,0,1,0,0
245731,245731,2,7,0,0,0,0,570.0,1,0,0,0,2014,12,21,51,85.0,56.86666666666667,0,1,0,0,1,0,0
246666,246666,2,6,4553,1,0,0,570.0,1,0,0,0,2014,12,20,51,85.0,56.86666666666667,0,1,0,0,1,0,0
247601,247601,2,5,7574,1,1,0,570.0,1,0,0,0,2014,12,19,51,85.0,56.86666666666667,0,1,0,0,1,0,0
248536,248536,2,4,8117,1,1,0,570.0,1,0,0,0,2014,12,18,51,85.0,56.86666666666667,0,1,0,0,1,0,0
249471,249471,2,3,9365,1,1,0,570.0,1,0,0,0,2014,12,17,51,85.0,56.86666666666667,0,1,0,0,1,0,0
250406,250406,2,2,9499,1,1,0,570.0,1,0,0,0,2014,12,16,51,85.0,56.86666666666667,0,1,0,0,1,0,0
251341,251341,2,1,10419,1,1,0,570.0,1,0,0,0,2014,12,15,51,85.0,56.86666666666667,0,1,0,0,1,0,0
252276,252276,2,7,0,0,0,0,570.0,1,0,0,0,2014,12,14,50,85.0,56.63333333333333,0,1,0,0,1,0,0
253211,253211,2,6,3375,1,0,0,570.0,1,0,0,0,2014,12,13,50,85.0,56.63333333333333,0,1,0,0,1,0,0
254146,254146,2,5,4407,1,0,0,570.0,1,0,0,0,2014,12,12,50,85.0,56.63333333333333,0,1,0,0,1,0,0
255081,255081,2,4,4629,1,0,0,570.0,1,0,0,0,2014,12,11,50,85.0,56.63333333333333,0,1,0,0,1,0,0
256016,256016,2,3,5830,1,0,0,570.0,1,0,0,0,2014,12,10,50,85.0,56.63333333333333,0,1,0,0,1,0,0
256951,256951,2,2,5264,1,0,0,570.0,1,0,0,0,2014,12,9,50,85.0,56.63333333333333,0,1,0,0,1,0,0
257886,257886,2,1,4821,1,0,0,570.0,1,0,0,0,2014,12,8,50,85.0,56.63333333333333,0,1,0,0,1,0,0
258821,258821,2,7,0,0,0,0,570.0,1,0,0,0,2014,12,7,49,85.0,56.4,0,1,0,0,1,0,0
259756,259756,2,6,2914,1,0,0,570.0,1,0,0,0,2014,12,6,49,85.0,56.4,0,1,0,0,1,0,0
260691,260691,2,5,6385,1,1,0,570.0,1,0,0,0,2014,12,5,49,85.0,56.4,0,1,0,0,1,0,0
261626,261626,2,4,6661,1,1,0,570.0,1,0,0,0,2014,12,4,49,85.0,56.4,0,1,0,0,1,0,0
262561,262561,2,3,7533,1,1,0,570.0,1,0,0,0,2014,12,3,49,85.0,56.4,0,1,0,0,1,0,0
263496,263496,2,2,7664,1,1,0,570.0,1,0,0,0,2014,12,2,49,85.0,56.4,0,1,0,0,1,0,0
264431,264431,2,1,8674,1,1,0,570.0,1,0,0,0,2014,12,1,49,85.0,56.4,0,1,0,0,1,0,0
265366,265366,2,7,0,0,0,0,570.0,1,0,0,0,2014,11,30,48,84.0,56.16666666666666,0,1,0,0,1,0,0
266301,266301,2,6,3424,1,0,0,570.0,1,0,0,0,2014,11,29,48,84.0,56.16666666666666,0,1,0,0,1,0,0
267236,267236,2,5,6062,1,1,0,570.0,1,0,0,0,2014,11,28,48,84.0,56.16666666666666,0,1,0,0,1,0,0
268171,268171,2,4,6119,1,1,0,570.0,1,0,0,0,2014,11,27,48,84.0,56.16666666666666,0,1,0,0,1,0,0
269106,269106,2,3,7588,1,1,0,570.0,1,0,0,0,2014,11,26,48,84.0,56.16666666666666,0,1,0,0,1,0,0
270041,270041,2,2,6511,1,1,0,570.0,1,0,0,0,2014,11,25,48,84.0,56.16666666666666,0,1,0,0,1,0,0
270976,270976,2,1,7038,1,1,0,570.0,1,0,0,0,2014,11,24,48,84.0,56.16666666666666,0,1,0,0,1,0,0
271911,271911,2,7,0,0,0,0,570.0,1,0,0,0,2014,11,23,47,84.0,55.93333333333334,0,1,0,0,1,0,0
272846,272846,2,6,3085,1,0,0,570.0,1,0,0,0,2014,11,22,47,84.0,55.93333333333334,0,1,0,0,1,0,0
273781,273781,2,5,3978,1,0,0,570.0,1,0,0,0,2014,11,21,47,84.0,55.93333333333334,0,1,0,0,1,0,0
274716,274716,2,4,4527,1,0,0,570.0,1,0,0,0,2014,11,20,47,84.0,55.93333333333334,0,1,0,0,1,0,0
275651,275651,2,3,5091,1,0,0,570.0,1,0,0,0,2014,11,19,47,84.0,55.93333333333334,0,1,0,0,1,0,0
276586,276586,2,2,3468,1,0,0,570.0,1,0,0,0,2014,11,18,47,84.0,55.93333333333334,0,1,0,0,1,0,0
277521,277521,2,1,4157,1,0,0,570.0,1,0,0,0,2014,11,17,47,84.0,55.93333333333334,0,1,0,0,1,0,0
278456,278456,2,7,0,0,0,0,570.0,1,0,0,0,2014,11,16,46,84.0,55.7,0,1,0,0,1,0,0
279391,279391,2,6,2979,1,0,0,570.0,1,0,0,0,2014,11,15,46,84.0,55.7,0,1,0,0,1,0,0
280326,280326,2,5,4655,1,1,0,570.0,1,0,0,0,2014,11,14,46,84.0,55.7,0,1,0,0,1,0,0
281261,281261,2,4,5009,1,1,0,570.0,1,0,0,0,2014,11,13,46,84.0,55.7,0,1,0,0,1,0,0
282196,282196,2,3,6818,1,1,0,570.0,1,0,0,0,2014,11,12,46,84.0,55.7,0,1,0,0,1,0,0
283131,283131,2,2,5651,1,1,0,570.0,1,0,0,0,2014,11,11,46,84.0,55.7,0,1,0,0,1,0,0
284066,284066,2,1,6423,1,1,0,570.0,1,0,0,0,2014,11,10,46,84.0,55.7,0,1,0,0,1,0,0
285001,285001,2,7,0,0,0,0,570.0,1,0,0,0,2014,11,9,45,84.0,55.46666666666667,0,1,0,0,1,0,0
285936,285936,2,6,3311,1,0,0,570.0,1,0,0,0,2014,11,8,45,84.0,55.46666666666667,0,1,0,0,1,0,0
286871,286871,2,5,5445,1,1,0,570.0,1,0,0,0,2014,11,7,45,84.0,55.46666666666667,0,1,0,0,1,0,0
287806,287806,2,4,6307,1,1,0,570.0,1,0,0,0,2014,11,6,45,84.0,55.46666666666667,0,1,0,0,1,0,0
288741,288741,2,3,7142,1,1,0,570.0,1,0,0,0,2014,11,5,45,84.0,55.46666666666667,0,1,0,0,1,0,0
289676,289676,2,2,7015,1,1,0,570.0,1,0,0,0,2014,11,4,45,84.0,55.46666666666667,0,1,0,0,1,0,0
290611,290611,2,1,7549,1,1,0,570.0,1,0,0,0,2014,11,3,45,84.0,55.46666666666667,0,1,0,0,1,0,0
291546,291546,2,7,0,0,0,0,570.0,1,0,0,0,2014,11,2,44,84.0,55.23333333333333,0,1,0,0,1,0,0
292481,292481,2,6,3305,1,0,0,570.0,1,0,0,0,2014,11,1,44,84.0,55.23333333333333,0,1,0,0,1,0,0
293416,293416,2,5,0,0,0,0,570.0,0,1,0,0,2014,10,31,44,83.0,55.23333333333333,1,1,0,0,1,0,0
294351,294351,2,4,5394,1,0,0,570.0,1,0,0,0,2014,10,30,44,83.0,55.23333333333333,1,1,0,0,1,0,0
295286,295286,2,3,4986,1,0,0,570.0,1,0,0,0,2014,10,29,44,83.0,55.23333333333333,1,1,0,0,1,0,0
296221,296221,2,2,3849,1,0,0,570.0,1,0,0,0,2014,10,28,44,83.0,55.23333333333333,1,1,0,0,1,0,0
297156,297156,2,1,4296,1,0,0,570.0,1,0,0,0,2014,10,27,44,83.0,55.23333333333333,1,1,0,0,1,0,0
298091,298091,2,7,0,0,0,0,570.0,1,0,0,0,2014,10,26,43,83.0,55.0,1,1,0,0,1,0,0
299026,299026,2,6,2542,1,0,0,570.0,1,0,0,0,2014,10,25,43,83.0,55.0,1,1,0,0,1,0,0
299961,299961,2,5,5096,1,1,0,570.0,1,0,0,0,2014,10,24,43,83.0,55.0,1,1,0,0,1,0,0
300896,300896,2,4,5729,1,1,0,570.0,1,0,0,0,2014,10,23,43,83.0,55.0,1,1,0,0,1,0,0
301831,301831,2,3,5261,1,1,0,570.0,1,0,0,0,2014,10,22,43,83.0,55.0,1,1,0,0,1,0,0
302766,302766,2,2,5382,1,1,0,570.0,1,0,0,0,2014,10,21,43,83.0,55.0,1,1,0,0,1,0,0
303701,303701,2,1,6631,1,1,0,570.0,1,0,0,0,2014,10,20,43,83.0,55.0,1,1,0,0,1,0,0
304636,304636,2,7,0,0,0,0,570.0,1,0,0,0,2014,10,19,42,83.0,54.766666666666666,1,1,0,0,1,0,0
305571,305571,2,6,2613,1,0,0,570.0,1,0,0,0,2014,10,18,42,83.0,54.766666666666666,1,1,0,0,1,0,0
306506,306506,2,5,3852,1,0,1,570.0,1,0,0,0,2014,10,17,42,83.0,54.766666666666666,1,1,0,0,1,0,0
307441,307441,2,4,4288,1,0,1,570.0,1,0,0,0,2014,10,16,42,83.0,54.766666666666666,1,1,0,0,1,0,0
308376,308376,2,3,4732,1,0,1,570.0,1,0,0,0,2014,10,15,42,83.0,54.766666666666666,1,1,0,0,1,0,0
309311,309311,2,2,3982,1,0,1,570.0,1,0,0,0,2014,10,14,42,83.0,54.766666666666666,1,1,0,0,1,0,0
310246,310246,2,1,4377,1,0,1,570.0,1,0,0,0,2014,10,13,42,83.0,54.766666666666666,1,1,0,0,1,0,0
311181,311181,2,7,0,0,0,0,570.0,1,0,0,0,2014,10,12,41,83.0,54.53333333333333,1,1,0,0,1,0,0
312116,312116,2,6,2497,1,0,0,570.0,1,0,0,0,2014,10,11,41,83.0,54.53333333333333,1,1,0,0,1,0,0
313051,313051,2,5,4907,1,1,1,570.0,1,0,0,0,2014,10,10,41,83.0,54.53333333333333,1,1,0,0,1,0,0
313986,313986,2,4,5283,1,1,1,570.0,1,0,0,0,2014,10,9,41,83.0,54.53333333333333,1,1,0,0,1,0,0
314921,314921,2,3,6252,1,1,1,570.0,1,0,0,0,2014,10,8,41,83.0,54.53333333333333,1,1,0,0,1,0,0
315856,315856,2,2,5808,1,1,1,570.0,1,0,0,0,2014,10,7,41,83.0,54.53333333333333,1,1,0,0,1,0,0
316791,316791,2,1,7562,1,1,1,570.0,1,0,0,0,2014,10,6,41,83.0,54.53333333333333,1,1,0,0,1,0,0
317726,317726,2,7,0,0,0,0,570.0,1,0,0,0,2014,10,5,40,83.0,54.3,1,1,0,0,1,0,0
318661,318661,2,6,2979,1,0,0,570.0,1,0,0,0,2014,10,4,40,83.0,54.3,1,1,0,0,1,0,0
319596,319596,2,5,2689,1,1,0,570.0,0,1,0,0,2014,10,3,40,83.0,54.3,1,1,0,0,1,0,0
320531,320531,2,4,4845,1,1,0,570.0,1,0,0,0,2014,10,2,40,83.0,54.3,1,1,0,0,1,0,0
321466,321466,2,3,5565,1,1,0,570.0,1,0,0,0,2014,10,1,40,83.0,54.3,1,1,0,0,1,0,0
322401,322401,2,2,8461,1,1,0,570.0,1,0,0,0,2014,9,30,40,82.0,54.3,0,1,0,0,1,0,0
323336,323336,2,1,7514,1,1,0,570.0,1,0,0,0,2014,9,29,40,82.0,54.3,0,1,0,0,1,0,0
324271,324271,2,7,0,0,0,0,570.0,1,0,0,0,2014,9,28,39,82.0,54.06666666666666,0,1,0,0,1,0,0
325206,325206,2,6,2725,1,0,0,570.0,1,0,0,0,2014,9,27,39,82.0,54.06666666666666,0,1,0,0,1,0,0
326141,326141,2,5,3583,1,0,0,570.0,1,0,0,0,2014,9,26,39,82.0,54.06666666666666,0,1,0,0,1,0,0
327076,327076,2,4,3911,1,0,0,570.0,1,0,0,0,2014,9,25,39,82.0,54.06666666666666,0,1,0,0,1,0,0
328011,328011,2,3,5084,1,0,0,570.0,0,0,0,0,2014,9,24,39,82.0,54.06666666666666,0,1,0,0,1,0,0
328946,328946,2,2,3874,1,0,0,570.0,0,0,0,0,2014,9,23,39,82.0,54.06666666666666,0,1,0,0,1,0,0
329881,329881,2,1,4004,1,0,0,570.0,0,0,0,0,2014,9,22,39,82.0,54.06666666666666,0,1,0,0,1,0,0
330816,330816,2,7,0,0,0,0,570.0,0,0,0,0,2014,9,21,38,82.0,53.833333333333336,0,1,0,0,1,0,0
331751,331751,2,6,2473,1,0,0,570.0,0,0,0,0,2014,9,20,38,82.0,53.833333333333336,0,1,0,0,1,0,0
332686,332686,2,5,4491,1,1,0,570.0,0,0,0,0,2014,9,19,38,82.0,53.833333333333336,0,1,0,0,1,0,0
333621,333621,2,4,4994,1,1,0,570.0,0,0,0,0,2014,9,18,38,82.0,53.833333333333336,0,1,0,0,1,0,0
334556,334556,2,3,6469,1,1,0,570.0,0,0,0,0,2014,9,17,38,82.0,53.833333333333336,0,1,0,0,1,0,0
335491,335491,2,2,6207,1,1,0,570.0,0,0,0,0,2014,9,16,38,82.0,53.833333333333336,0,1,0,0,1,0,0
336426,336426,2,1,6997,1,1,0,570.0,0,0,0,0,2014,9,15,38,82.0,53.833333333333336,0,1,0,0,1,0,0
337361,337361,2,7,0,0,0,0,570.0,0,0,0,0,2014,9,14,37,82.0,53.6,0,1,0,0,1,0,0
338296,338296,2,6,2593,1,0,0,570.0,0,0,0,0,2014,9,13,37,82.0,53.6,0,1,0,0,1,0,0
339231,339231,2,5,3323,1,0,0,570.0,0,0,0,0,2014,9,12,37,82.0,53.6,0,1,0,0,1,0,0
340166,340166,2,4,4123,1,0,0,570.0,0,0,0,0,2014,9,11,37,82.0,53.6,0,1,0,0,1,0,0
341101,341101,2,3,4865,1,0,0,570.0,0,0,0,0,2014,9,10,37,82.0,53.6,0,1,0,0,1,0,0
342036,342036,2,2,4963,1,0,0,570.0,0,0,0,0,2014,9,9,37,82.0,53.6,0,1,0,0,1,0,0
342971,342971,2,1,4189,1,0,0,570.0,0,0,0,0,2014,9,8,37,82.0,53.6,0,1,0,0,1,0,0
343906,343906,2,7,0,0,0,0,570.0,0,0,0,0,2014,9,7,36,82.0,53.36666666666667,0,1,0,0,1,0,0
344841,344841,2,6,2551,1,0,0,570.0,0,0,0,0,2014,9,6,36,82.0,53.36666666666667,0,1,0,0,1,0,0
345776,345776,2,5,4823,1,1,0,570.0,0,0,0,0,2014,9,5,36,82.0,53.36666666666667,0,1,0,0,1,0,0
346711,346711,2,4,5401,1,1,0,570.0,0,0,0,0,2014,9,4,36,82.0,53.36666666666667,0,1,0,0,1,0,0
347646,347646,2,3,6615,1,1,0,570.0,0,0,0,0,2014,9,3,36,82.0,53.36666666666667,0,1,0,0,1,0,0
348581,348581,2,2,6422,1,1,0,570.0,0,0,0,0,2014,9,2,36,82.0,53.36666666666667,0,1,0,0,1,0,0
349516,349516,2,1,8173,1,1,0,570.0,0,0,0,0,2014,9,1,36,82.0,53.36666666666667,0,1,0,0,1,0,0
350451,350451,2,7,0,0,0,0,570.0,0,0,0,0,2014,8,31,35,81.0,53.13333333333333,0,1,0,0,1,0,0
351386,351386,2,6,2976,1,0,0,570.0,0,0,0,0,2014,8,30,35,81.0,53.13333333333333,0,1,0,0,1,0,0
352321,352321,2,5,4318,1,0,1,570.0,0,0,0,0,2014,8,29,35,81.0,53.13333333333333,0,1,0,0,1,0,0
353256,353256,2,4,3717,1,0,1,570.0,0,0,0,0,2014,8,28,35,81.0,53.13333333333333,0,1,0,0,1,0,0
354191,354191,2,3,5127,1,0,1,570.0,0,0,0,0,2014,8,27,35,81.0,53.13333333333333,0,1,0,0,1,0,0
355126,355126,2,2,3647,1,0,1,570.0,0,0,0,0,2014,8,26,35,81.0,53.13333333333333,0,1,0,0,1,0,0
356061,356061,2,1,3927,1,0,1,570.0,0,0,0,0,2014,8,25,35,81.0,53.13333333333333,0,1,0,0,1,0,0
356996,356996,2,7,0,0,0,0,570.0,0,0,0,0,2014,8,24,34,81.0,52.9,0,1,0,0,1,0,0
357931,357931,2,6,2738,1,0,0,570.0,0,0,0,0,2014,8,23,34,81.0,52.9,0,1,0,0,1,0,0
358866,358866,2,5,5064,1,1,1,570.0,0,0,0,0,2014,8,22,34,81.0,52.9,0,1,0,0,1,0,0
359801,359801,2,4,5626,1,1,1,570.0,0,0,0,0,2014,8,21,34,81.0,52.9,0,1,0,0,1,0,0
360736,360736,2,3,7056,1,1,1,570.0,0,0,0,0,2014,8,20,34,81.0,52.9,0,1,0,0,1,0,0
361671,361671,2,2,6000,1,1,1,570.0,0,0,0,0,2014,8,19,34,81.0,52.9,0,1,0,0,1,0,0
362606,362606,2,1,6355,1,1,1,570.0,0,0,0,0,2014,8,18,34,81.0,52.9,0,1,0,0,1,0,0
363541,363541,2,7,0,0,0,0,570.0,0,0,0,0,2014,8,17,33,81.0,52.66666666666666,0,1,0,0,1,0,0
364476,364476,2,6,2847,1,0,0,570.0,0,0,0,0,2014,8,16,33,81.0,52.66666666666666,0,1,0,0,1,0,0
365411,365411,2,5,4218,1,0,1,570.0,0,0,0,0,2014,8,15,33,81.0,52.66666666666666,0,1,0,0,1,0,0
366346,366346,2,4,4606,1,0,1,570.0,0,0,0,0,2014,8,14,33,81.0,52.66666666666666,0,1,0,0,1,0,0
367281,367281,2,3,5010,1,0,1,570.0,0,0,0,0,2014,8,13,33,81.0,52.66666666666666,0,1,0,0,1,0,0
368216,368216,2,2,4319,1,0,1,570.0,0,0,0,0,2014,8,12,33,81.0,52.66666666666666,0,1,0,0,1,0,0
369151,369151,2,1,4158,1,0,1,570.0,0,0,0,0,2014,8,11,33,81.0,52.66666666666666,0,1,0,0,1,0,0
370086,370086,2,7,0,0,0,0,570.0,0,0,0,0,2014,8,10,32,81.0,52.43333333333334,0,1,0,0,1,0,0
371021,371021,2,6,2592,1,0,0,570.0,0,0,0,0,2014,8,9,32,81.0,52.43333333333334,0,1,0,0,1,0,0
371956,371956,2,5,4597,1,1,1,570.0,0,0,0,0,2014,8,8,32,81.0,52.43333333333334,0,1,0,0,1,0,0
372891,372891,2,4,4809,1,1,1,570.0,0,0,0,0,2014,8,7,32,81.0,52.43333333333334,0,1,0,0,1,0,0
373826,373826,2,3,6331,1,1,1,570.0,0,0,0,0,2014,8,6,32,81.0,52.43333333333334,0,1,0,0,1,0,0
374761,374761,2,2,5811,1,1,1,570.0,0,0,0,0,2014,8,5,32,81.0,52.43333333333334,0,1,0,0,1,0,0
375696,375696,2,1,6315,1,1,1,570.0,0,0,0,0,2014,8,4,32,81.0,52.43333333333334,0,1,0,0,1,0,0
376631,376631,2,7,0,0,0,0,570.0,0,0,0,0,2014,8,3,31,81.0,52.2,0,1,0,0,1,0,0
377566,377566,2,6,3354,1,0,0,570.0,0,0,0,0,2014,8,2,31,81.0,52.2,0,1,0,0,1,0,0
378501,378501,2,5,5434,1,1,1,570.0,0,0,0,0,2014,8,1,31,81.0,52.2,0,1,0,0,1,0,0
379436,379436,2,4,6301,1,1,1,570.0,0,0,0,0,2014,7,31,31,80.0,52.2,1,1,0,0,1,0,0
380371,380371,2,3,6308,1,1,1,570.0,0,0,0,0,2014,7,30,31,80.0,52.2,1,1,0,0,1,0,0
381306,381306,2,2,5274,1,1,1,570.0,0,0,0,0,2014,7,29,31,80.0,52.2,1,1,0,0,1,0,0
382241,382241,2,1,6494,1,1,1,570.0,0,0,0,0,2014,7,28,31,80.0,52.2,1,1,0,0,1,0,0
383176,383176,2,7,0,0,0,0,570.0,0,0,0,0,2014,7,27,30,80.0,51.96666666666667,1,1,0,0,1,0,0
384111,384111,2,6,2243,1,0,0,570.0,0,0,0,0,2014,7,26,30,80.0,51.96666666666667,1,1,0,0,1,0,0
385046,385046,2,5,3956,1,0,1,570.0,0,0,0,0,2014,7,25,30,80.0,51.96666666666667,1,1,0,0,1,0,0
385981,385981,2,4,3886,1,0,1,570.0,0,0,0,0,2014,7,24,30,80.0,51.96666666666667,1,1,0,0,1,0,0
386916,386916,2,3,5152,1,0,1,570.0,0,0,0,0,2014,7,23,30,80.0,51.96666666666667,1,1,0,0,1,0,0
387851,387851,2,2,4509,1,0,1,570.0,0,0,0,0,2014,7,22,30,80.0,51.96666666666667,1,1,0,0,1,0,0
388786,388786,2,1,3802,1,0,1,570.0,0,0,0,0,2014,7,21,30,80.0,51.96666666666667,1,1,0,0,1,0,0
389721,389721,2,7,0,0,0,0,570.0,0,0,0,0,2014,7,20,29,80.0,51.73333333333333,1,1,0,0,1,0,0
390656,390656,2,6,3009,1,0,0,570.0,0,0,0,0,2014,7,19,29,80.0,51.73333333333333,1,1,0,0,1,0,0
391591,391591,2,5,4971,1,1,0,570.0,0,0,0,0,2014,7,18,29,80.0,51.73333333333333,1,1,0,0,1,0,0
392526,392526,2,4,5315,1,1,0,570.0,0,0,0,0,2014,7,17,29,80.0,51.73333333333333,1,1,0,0,1,0,0
393461,393461,2,3,7113,1,1,0,570.0,1,0,0,0,2014,7,16,29,80.0,51.73333333333333,1,1,0,0,1,0,0
394396,394396,2,2,6361,1,1,0,570.0,1,0,0,0,2014,7,15,29,80.0,51.73333333333333,1,1,0,0,1,0,0
395331,395331,2,1,7014,1,1,0,570.0,1,0,0,0,2014,7,14,29,80.0,51.73333333333333,1,1,0,0,1,0,0
396266,396266,2,7,0,0,0,0,570.0,1,0,0,0,2014,7,13,28,80.0,51.5,1,1,0,0,1,0,0
397201,397201,2,6,2806,1,0,0,570.0,1,0,0,0,2014,7,12,28,80.0,51.5,1,1,0,0,1,0,0
398136,398136,2,5,3402,1,0,0,570.0,1,0,0,0,2014,7,11,28,80.0,51.5,1,1,0,0,1,0,0
399071,399071,2,4,4557,1,0,0,570.0,1,0,0,0,2014,7,10,28,80.0,51.5,1,1,0,0,1,0,0
400006,400006,2,3,4602,1,0,0,570.0,1,0,0,0,2014,7,9,28,80.0,51.5,1,1,0,0,1,0,0
400941,400941,2,2,4009,1,0,0,570.0,1,0,0,0,2014,7,8,28,80.0,51.5,1,1,0,0,1,0,0
401876,401876,2,1,3981,1,0,0,570.0,1,0,0,0,2014,7,7,28,80.0,51.5,1,1,0,0,1,0,0
402811,402811,2,7,0,0,0,0,570.0,1,0,0,0,2014,7,6,27,80.0,51.266666666666666,1,1,0,0,1,0,0
403746,403746,2,6,4043,1,0,0,570.0,1,0,0,0,2014,7,5,27,80.0,51.266666666666666,1,1,0,0,1,0,0
404681,404681,2,5,5200,1,1,0,570.0,1,0,0,0,2014,7,4,27,80.0,51.266666666666666,1,1,0,0,1,0,0
405616,405616,2,4,5824,1,1,0,570.0,1,0,0,0,2014,7,3,27,80.0,51.266666666666666,1,1,0,0,1,0,0
406551,406551,2,3,6623,1,1,0,570.0,1,0,0,0,2014,7,2,27,80.0,51.266666666666666,1,1,0,0,1,0,0
407486,407486,2,2,5454,1,1,0,570.0,1,0,0,0,2014,7,1,27,80.0,51.266666666666666,1,1,0,0,1,0,0
408421,408421,2,1,10682,1,1,0,570.0,1,0,0,0,2014,6,30,27,79.0,51.266666666666666,0,1,0,0,1,0,0
409536,409536,2,7,0,0,0,0,570.0,1,0,0,0,2014,6,29,26,79.0,51.03333333333333,0,1,0,0,1,0,0
410651,410651,2,6,2644,1,0,0,570.0,1,0,0,0,2014,6,28,26,79.0,51.03333333333333,0,1,0,0,1,0,0
411766,411766,2,5,4646,1,0,0,570.0,1,0,0,0,2014,6,27,26,79.0,51.03333333333333,0,1,0,0,1,0,0
412881,412881,2,4,4215,1,0,0,570.0,1,0,0,0,2014,6,26,26,79.0,51.03333333333333,0,1,0,0,1,0,0
413996,413996,2,3,4767,1,0,0,570.0,1,0,0,0,2014,6,25,26,79.0,51.03333333333333,0,1,0,0,1,0,0
415111,415111,2,2,3787,1,0,0,570.0,1,0,0,0,2014,6,24,26,79.0,51.03333333333333,0,1,0,0,1,0,0
416226,416226,2,1,4066,1,0,0,570.0,1,0,0,0,2014,6,23,26,79.0,51.03333333333333,0,1,0,0,1,0,0
417341,417341,2,7,0,0,0,0,570.0,1,0,0,0,2014,6,22,25,79.0,50.8,0,1,0,0,1,0,0
418456,418456,2,6,2514,1,0,0,570.0,1,0,0,0,2014,6,21,25,79.0,50.8,0,1,0,0,1,0,0
419571,419571,2,5,4572,1,1,0,570.0,1,0,0,0,2014,6,20,25,79.0,50.8,0,1,0,0,1,0,0
420686,420686,2,4,5451,1,1,0,570.0,1,0,0,0,2014,6,19,25,79.0,50.8,0,1,0,0,1,0,0
421801,421801,2,3,6300,1,1,0,570.0,1,0,0,0,2014,6,18,25,79.0,50.8,0,1,0,0,1,0,0
422916,422916,2,2,5830,1,1,0,570.0,1,0,0,0,2014,6,17,25,79.0,50.8,0,1,0,0,1,0,0
424031,424031,2,1,7394,1,1,0,570.0,1,0,0,0,2014,6,16,25,79.0,50.8,0,1,0,0,1,0,0
425146,425146,2,7,0,0,0,0,570.0,1,0,0,0,2014,6,15,24,79.0,50.56666666666667,0,1,0,0,1,0,0
426261,426261,2,6,2897,1,0,0,570.0,1,0,0,0,2014,6,14,24,79.0,50.56666666666667,0,1,0,0,1,0,0
427376,427376,2,5,4568,1,0,0,570.0,1,0,0,0,2014,6,13,24,79.0,50.56666666666667,0,1,0,0,1,0,0
428491,428491,2,4,5187,1,0,0,570.0,1,0,0,0,2014,6,12,24,79.0,50.56666666666667,0,1,0,0,1,0,0
429606,429606,2,3,4976,1,0,0,570.0,1,0,0,0,2014,6,11,24,79.0,50.56666666666667,0,1,0,0,1,0,0
430721,430721,2,2,4403,1,0,0,570.0,1,0,0,0,2014,6,10,24,79.0,50.56666666666667,0,1,0,0,1,0,0
431836,431836,2,1,0,0,0,0,570.0,0,1,0,0,2014,6,9,24,79.0,50.56666666666667,0,1,0,0,1,0,0
432951,432951,2,7,0,0,0,0,570.0,1,0,0,0,2014,6,8,23,79.0,50.333333333333336,0,1,0,0,1,0,0
434066,434066,2,6,2893,1,0,0,570.0,1,0,0,0,2014,6,7,23,79.0,50.333333333333336,0,1,0,0,1,0,0
435181,435181,2,5,5064,1,1,0,570.0,1,0,0,0,2014,6,6,23,79.0,50.333333333333336,0,1,0,0,1,0,0
436296,436296,2,4,5957,1,1,0,570.0,1,0,0,0,2014,6,5,23,79.0,50.333333333333336,0,1,0,0,1,0,0
437411,437411,2,3,7006,1,1,0,570.0,1,0,0,0,2014,6,4,23,79.0,50.333333333333336,0,1,0,0,1,0,0
438526,438526,2,2,5619,1,1,0,570.0,1,0,0,0,2014,6,3,23,79.0,50.333333333333336,0,1,0,0,1,0,0
439641,439641,2,1,7320,1,1,0,570.0,1,0,0,0,2014,6,2,23,79.0,50.333333333333336,0,1,0,0,1,0,0
440756,440756,2,7,0,0,0,0,570.0,1,0,0,0,2014,6,1,22,79.0,50.1,0,1,0,0,1,0,0
441871,441871,2,6,2953,1,0,0,570.0,1,0,0,0,2014,5,31,22,78.0,50.1,0,1,0,0,1,0,0
442986,442986,2,5,5694,1,0,1,570.0,1,0,0,0,2014,5,30,22,78.0,50.1,0,1,0,0,1,0,0
444101,444101,2,4,0,0,0,0,570.0,0,1,0,0,2014,5,29,22,78.0,50.1,0,1,0,0,1,0,0
445216,445216,2,3,5203,1,0,0,570.0,1,0,0,0,2014,5,28,22,78.0,50.1,0,1,0,0,1,0,0
446331,446331,2,2,4042,1,0,0,570.0,1,0,0,0,2014,5,27,22,78.0,50.1,0,1,0,0,1,0,0
447446,447446,2,1,4173,1,0,0,570.0,1,0,0,0,2014,5,26,22,78.0,50.1,0,1,0,0,1,0,0
448561,448561,2,7,0,0,0,0,570.0,1,0,0,0,2014,5,25,21,78.0,49.86666666666667,0,1,0,0,1,0,0
449676,449676,2,6,2516,1,0,0,570.0,1,0,0,0,2014,5,24,21,78.0,49.86666666666667,0,1,0,0,1,0,0
450791,450791,2,5,4802,1,1,0,570.0,1,0,0,0,2014,5,23,21,78.0,49.86666666666667,0,1,0,0,1,0,0
451906,451906,2,4,4887,1,1,0,570.0,1,0,0,0,2014,5,22,21,78.0,49.86666666666667,0,1,0,0,1,0,0
453021,453021,2,3,5584,1,1,0,570.0,1,0,0,0,2014,5,21,21,78.0,49.86666666666667,0,1,0,0,1,0,0
454136,454136,2,2,5155,1,1,0,570.0,1,0,0,0,2014,5,20,21,78.0,49.86666666666667,0,1,0,0,1,0,0
455251,455251,2,1,6996,1,1,0,570.0,1,0,0,0,2014,5,19,21,78.0,49.86666666666667,0,1,0,0,1,0,0
456366,456366,2,7,0,0,0,0,570.0,1,0,0,0,2014,5,18,20,78.0,49.63333333333333,0,1,0,0,1,0,0
457481,457481,2,6,2532,1,0,0,570.0,1,0,0,0,2014,5,17,20,78.0,49.63333333333333,0,1,0,0,1,0,0
458596,458596,2,5,3779,1,0,0,570.0,1,0,0,0,2014,5,16,20,78.0,49.63333333333333,0,1,0,0,1,0,0
459711,459711,2,4,4108,1,0,0,570.0,1,0,0,0,2014,5,15,20,78.0,49.63333333333333,0,1,0,0,1,0,0
460826,460826,2,3,4700,1,0,0,570.0,1,0,0,0,2014,5,14,20,78.0,49.63333333333333,0,1,0,0,1,0,0
461941,461941,2,2,3974,1,0,0,570.0,1,0,0,0,2014,5,13,20,78.0,49.63333333333333,0,1,0,0,1,0,0
463056,463056,2,1,3860,1,0,0,570.0,1,0,0,0,2014,5,12,20,78.0,49.63333333333333,0,1,0,0,1,0,0
464171,464171,2,7,0,0,0,0,570.0,1,0,0,0,2014,5,11,19,78.0,49.4,0,1,0,0,1,0,0
465286,465286,2,6,2430,1,0,0,570.0,1,0,0,0,2014,5,10,19,78.0,49.4,0,1,0,0,1,0,0
466401,466401,2,5,5979,1,1,0,570.0,1,0,0,0,2014,5,9,19,78.0,49.4,0,1,0,0,1,0,0
467516,467516,2,4,5151,1,1,0,570.0,1,0,0,0,2014,5,8,19,78.0,49.4,0,1,0,0,1,0,0
468631,468631,2,3,6733,1,1,0,570.0,1,0,0,0,2014,5,7,19,78.0,49.4,0,1,0,0,1,0,0
469746,469746,2,2,5992,1,1,0,570.0,1,0,0,0,2014,5,6,19,78.0,49.4,0,1,0,0,1,0,0
470861,470861,2,1,7242,1,1,0,570.0,1,0,0,0,2014,5,5,19,78.0,49.4,0,1,0,0,1,0,0
471976,471976,2,7,0,0,0,0,570.0,1,0,0,0,2014,5,4,18,78.0,49.16666666666666,0,1,0,0,1,0,0
473091,473091,2,6,2968,1,0,0,570.0,1,0,0,0,2014,5,3,18,78.0,49.16666666666666,0,1,0,0,1,0,0
474206,474206,2,5,7176,1,1,1,570.0,1,0,0,0,2014,5,2,18,78.0,49.16666666666666,0,1,0,0,1,0,0
475321,475321,2,4,0,0,1,1,570.0,0,1,0,0,2014,5,1,18,78.0,49.16666666666666,0,1,0,0,1,0,0
476436,476436,2,3,7646,1,1,1,570.0,1,0,0,0,2014,4,30,18,77.0,49.16666666666666,1,1,0,0,1,0,0
477551,477551,2,2,6667,1,1,1,570.0,1,0,0,0,2014,4,29,18,77.0,49.16666666666666,1,1,0,0,1,0,0
478666,478666,2,1,6520,1,1,1,570.0,1,0,0,0,2014,4,28,18,77.0,49.16666666666666,1,1,0,0,1,0,0
479781,479781,2,7,0,0,0,0,570.0,1,0,0,0,2014,4,27,17,77.0,48.93333333333333,1,1,0,0,1,0,0
480896,480896,2,6,2701,1,0,0,570.0,1,0,0,0,2014,4,26,17,77.0,48.93333333333333,1,1,0,0,1,0,0
482011,482011,2,5,3795,1,0,1,570.0,1,0,0,0,2014,4,25,17,77.0,48.93333333333333,1,1,0,0,1,0,0
483126,483126,2,4,3675,1,0,1,570.0,1,0,0,0,2014,4,24,17,77.0,48.93333333333333,1,1,0,0,1,0,0
484241,484241,2,3,4757,1,0,1,570.0,1,0,0,0,2014,4,23,17,77.0,48.93333333333333,1,1,0,0,1,0,0
485356,485356,2,2,4419,1,0,1,570.0,1,0,0,0,2014,4,22,17,77.0,48.93333333333333,1,1,0,0,1,0,0
486471,486471,2,1,0,0,0,1,570.0,0,0,1,0,2014,4,21,17,77.0,48.93333333333333,1,1,0,0,1,0,0
487586,487586,2,7,0,0,0,0,570.0,1,0,0,0,2014,4,20,16,77.0,48.7,1,1,0,0,1,0,0
488701,488701,2,6,4146,1,0,0,570.0,1,0,0,0,2014,4,19,16,77.0,48.7,1,1,0,0,1,0,0
489816,489816,2,5,0,0,1,0,570.0,0,0,1,0,2014,4,18,16,77.0,48.7,1,1,0,0,1,0,0
490931,490931,2,4,6647,1,1,0,570.0,1,0,0,0,2014,4,17,16,77.0,48.7,1,1,0,0,1,0,0
492046,492046,2,3,7317,1,1,0,570.0,0,0,0,0,2014,4,16,16,77.0,48.7,1,1,0,0,1,0,0
493161,493161,2,2,7701,1,1,0,570.0,0,0,0,0,2014,4,15,16,77.0,48.7,1,1,0,0,1,0,0
494276,494276,2,1,7714,1,1,0,570.0,0,0,0,0,2014,4,14,16,77.0,48.7,1,1,0,0,1,0,0
495391,495391,2,7,0,0,0,0,570.0,0,0,0,0,2014,4,13,15,77.0,48.46666666666667,1,1,0,0,1,0,0
496506,496506,2,6,2574,1,0,0,570.0,0,0,0,0,2014,4,12,15,77.0,48.46666666666667,1,1,0,0,1,0,0
497621,497621,2,5,4701,1,0,0,570.0,0,0,0,0,2014,4,11,15,77.0,48.46666666666667,1,1,0,0,1,0,0
498736,498736,2,4,3691,1,0,0,570.0,0,0,0,0,2014,4,10,15,77.0,48.46666666666667,1,1,0,0,1,0,0
499851,499851,2,3,5142,1,0,0,570.0,0,0,0,0,2014,4,9,15,77.0,48.46666666666667,1,1,0,0,1,0,0
500966,500966,2,2,4475,1,0,0,570.0,0,0,0,0,2014,4,8,15,77.0,48.46666666666667,1,1,0,0,1,0,0
502081,502081,2,1,3941,1,0,0,570.0,0,0,0,0,2014,4,7,15,77.0,48.46666666666667,1,1,0,0,1,0,0
503196,503196,2,7,0,0,0,0,570.0,0,0,0,0,2014,4,6,14,77.0,48.23333333333333,1,1,0,0,1,0,0
504311,504311,2,6,2655,1,0,0,570.0,0,0,0,0,2014,4,5,14,77.0,48.23333333333333,1,1,0,0,1,0,0
505426,505426,2,5,5016,1,1,0,570.0,0,0,0,0,2014,4,4,14,77.0,48.23333333333333,1,1,0,0,1,0,0
506541,506541,2,4,5078,1,1,0,570.0,0,0,0,0,2014,4,3,14,77.0,48.23333333333333,1,1,0,0,1,0,0
507656,507656,2,3,7013,1,1,0,570.0,0,0,0,0,2014,4,2,14,77.0,48.23333333333333,1,1,0,0,1,0,0
